,MAE_lower,MAE_upper,RMSE_lower,RMSE_upper,MAPE_lower,MAPE_upper,Direction_Acc_lower,Direction_Acc_upper
Online NMF,35.803967467020925,41.67109038549741,49.57701636148099,57.84388391213526,11.251666686361824,12.829557094558117,47.27891156462585,51.25850340136054
Naive (Last Value),50.578912059202395,71.78791638241375,68.44763981496325,89.79556384876592,15.223481282486093,21.184341493819932,0.0,0.17006802721088435
Moving Average,54.96495368845381,76.58174011750602,72.49246673180161,93.31496296416088,16.74765707190808,22.991281965812224,4.996598639455786,18.948979591836732
Linear AR,49.1124672495417,70.21307622731794,66.4426230957111,85.90482499775302,15.34418085636022,21.12476286335812,44.148809523809526,50.30612244897959
