,MAE,RMSE,MAPE,Direction_Acc
Online NMF,38.837379291531555,53.93931278891192,12.081685746099815,49.21768707482993
Naive (Last Value),61.05665672366905,78.91312446663595,18.24686545868717,0.06802721088435375
Moving Average,65.77812340735626,83.13012390146814,19.893129148784656,11.496598639455783
Linear AR,60.13976318164165,76.59904823905042,18.12920720236959,47.244897959183675
