,MAE_lower,MAE_upper,RMSE_lower,RMSE_upper,MAPE_lower,MAPE_upper,Direction_Acc_lower,Direction_Acc_upper
Online NMF,32.98027280237092,38.80064351015543,45.385921395906934,53.82283404446957,9.984115269476526,11.484507248903556,49.65986394557823,54.96683673469388
Naive (Last Value),53.43110026469992,75.09615718568058,69.97485245293998,91.70692932662219,16.490673281566913,22.380625072836864,0.0,0.17006802721088435
Moving Average,54.09807842646642,75.8526321504325,70.64632990914174,92.69548369427339,16.432647868104382,22.42300768036281,7.720238095238097,20.714285714285715
Linear AR,51.60387481451877,72.14481555045884,68.01530960470552,87.60893034739412,15.848607492359928,21.477929656555613,47.10884353741496,53.572278911564624
