,MAE,RMSE,MAPE,Direction_Acc
Online NMF,35.91216772635617,49.75833253852943,10.740782670293187,52.3469387755102
Naive (Last Value),63.96686732253213,81.28052816933642,19.265836021414348,0.06802721088435375
Moving Average,64.68465847159973,81.95755117030578,19.49253648673467,13.503401360544217
Linear AR,61.60309109922726,77.6708942360737,18.631013768584513,50.374149659863946
