,MAE,RMSE,MAPE,Direction_Acc
Online NMF,34.637268188361176,46.79931190098354,10.510780877289614,49.69387755102041
Naive (Last Value),63.96758462428577,81.2817458426884,19.265956449192092,0.06802721088435375
Moving Average,64.68537577335337,81.95875519850321,19.49265718108909,13.503401360544217
Linear AR,61.6038084009809,77.67204907485613,18.631139765356572,50.374149659863946
