,MAE_lower,MAE_upper,RMSE_lower,RMSE_upper,MAPE_lower,MAPE_upper,Direction_Acc_lower,Direction_Acc_upper
Online NMF,31.87703642779085,37.03580788877878,42.74776028758699,50.70129185317133,9.790202231083766,11.204094066844275,47.58418367346939,51.666666666666664
Naive (Last Value),53.610034190229385,74.92569491117798,70.82055862189769,91.73448780657736,16.355330038995717,22.314138931840677,0.0,0.17006802721088435
Moving Average,53.627741968995636,75.45950881437903,71.07807840824705,91.54895338817761,16.52746180979039,22.50861978931387,7.24404761904762,20.478741496598637
Linear AR,52.32736124988039,71.91723590161223,67.1654704947402,87.36533146473593,15.824464090532812,21.455516423938704,47.17602040816327,53.87925170068027
